	avg_B cell	avg_NK cell	avg_T cell	avg_Monocyte	avg_Dendritic cell
HES4	0.030046677	2.3585882	0.05211629	0.216464	0.23118395
MIB2	0.18186928	1.0085685	0.5615796	0.15159109	0.3890444
RP3.395M20.12	0.27867034	1.0909617	0.35510835	0.53899646	0.3041089
RPL22	6.829825	5.682169	7.395727	5.74961	9.059103
RBP7	0.013464102	0.64422214	0.00923291	2.9281342	0.0
AGTRAP	0.16626698	2.5451589	0.4859445	3.6184964	1.5603303
TNFRSF8	0.013048301	0.5590187	0.0030750053	0.1669274	0.14406079
TNFRSF1B	0.13968799	3.040895	0.56172395	2.1075654	1.0087394
AKR7A2	0.83508795	1.1692617	0.94030535	1.5240792	2.9836335
CDA	0.0	3.3097484	0.06968843	4.791046	0.29957783
RPL11	13.154333	12.133768	13.051146	12.600428	12.911114
SYF2	3.003526	3.788852	2.8529737	3.3939433	5.4943075
LDLRAP1	0.23140748	0.31796333	1.6924782	0.109127775	0.640167
CD52	10.581665	8.610221	9.593285	8.033434	8.947025
IFI6	1.1774459	5.831174	2.5291777	7.8010645	5.607662
KHDRBS1	1.7116556	2.1135275	1.9200171	1.7589452	4.2971663
LCK	0.36612302	1.7770563	4.869524	0.24447829	1.805489
AK2	0.7414223	0.9793462	0.60315746	0.81425685	2.5735927
SFPQ	1.2910389	1.8712817	1.3463223	1.187254	3.524988
MRPS15	0.9724604	1.5953392	1.141371	1.426459	3.8570645
CSF3R	0.04084902	0.7613276	0.07997556	3.3587353	1.8562926
MEAF6	2.172965	2.6246889	2.3749216	1.5499208	4.1892996
PPT1	0.7691198	2.3502638	1.1615987	2.3888783	3.909212
YBX1	7.9979873	9.307426	7.2853503	8.529575	10.190223
ERI3	0.2840448	0.84028107	0.48375776	0.34661976	0.46006027
RPS8	12.460836	11.038473	12.173554	10.872416	12.06544
AKR1A1	1.0041326	1.7035989	0.9318072	1.8252261	3.4354572
UQCRH	3.808818	4.490844	3.7994516	4.4947395	6.0315056
BEND5	0.74844337	0.012773685	0.066594474	0.026095357	0.15337314
MRPL37	0.30343133	0.7038645	0.44912022	0.6601952	1.9928898
SERBP1	2.4831374	3.36543	2.881708	2.3614295	5.1949253
RP5.887A10.1	0.80771816	0.0	0.017259913	0.018543208	0.088297956
GBP2	0.22182076	2.543439	1.705164	1.2873	0.924866
ATP5F1	2.416658	4.436777	2.867457	3.4235516	6.346685
RHOC	0.47756854	5.954171	0.69410324	0.9088212	3.0180283
CSDE1	1.6781546	2.5474665	2.3628945	1.8684757	4.251191
CD2	0.13895814	1.3086096	4.6362276	0.21670064	3.020094
FCGR1B	0.0	0.23495853	0.005943907	0.70981693	0.23446684
CD160	0.0	0.9198734	0.2791262	0.03599843	0.14362481
FCGR1A	0.0	0.24433893	0.011787284	1.8050004	0.48300195
APH1A	1.5092105	1.9662218	1.3265954	1.6322557	3.673412
CTSS	4.4006896	7.9875507	2.2933865	10.472113	7.397933
MRPL9	1.0287516	1.3575387	1.3161255	0.9121361	2.728126
S100A11	0.65677565	8.353456	3.9713566	10.056441	7.1926894
S100A9	0.668937	5.3300595	0.86098236	13.149938	5.461294
S100A12	0.0	0.13095506	0.009279891	3.5557992	0.078289784
S100A8	0.41076303	3.569744	0.46515045	12.440476	3.08991
S100A6	2.726985	9.815088	7.481116	12.049733	9.394516
S100A4	2.360268	11.6448965	8.514829	12.664802	10.430449
RPS27	12.926424	11.342702	12.83175	11.146631	12.035202
SSR2	4.301479	6.3508043	5.9153075	5.1040335	7.536875
FCRL2	1.1586516	0.010758358	0.008742893	0.009157242	0.30610135
FCRL1	1.102034	0.044526104	0.04646637	0.03495926	0.23590788
CD1D	0.3657979	0.57248044	0.017806146	1.5764034	3.2361171
CD1C	0.81088406	0.13451476	0.021124886	0.2689392	3.862498
FCER1A	0.026111862	0.045843706	0.030770276	0.16451454	6.4030967
DUSP23	0.3027227	1.2883487	0.5944798	1.4864717	3.125254
FCRL6	0.027678074	0.8290584	0.2620257	0.018366754	0.15539855
TAGLN2	3.959393	4.479302	3.8930385	4.4003406	8.261364
UFC1	2.362957	3.7815247	3.0425541	2.851912	5.810567
FCGR3A	0.14081703	8.831843	0.5733937	0.5782734	0.86479294
FCRLA	2.9587426	0.0116799595	0.055817794	0.04648495	0.6672256
SH2D1B	0.02837322	1.0976762	0.0394357	0.017406344	0.0
CD247	0.19704112	3.5442953	2.839285	0.14212547	0.9916045
CREG1	0.15538542	1.1132473	0.243974	1.8240247	1.0904695
MPC2	1.0861387	1.5450737	1.3445795	1.1027015	3.1594625
XCL2	0.013564979	1.4911073	0.23821655	0.018537056	0.16237108
XCL1	0.014625953	0.59350514	0.11291214	0.009320753	0.10066459
PRRC2C	1.509773	1.8948531	1.5785797	1.4884965	3.6271634
FASLG	0.01437197	0.44448048	0.07990971	0.009216303	0.0
PRDX6	1.4522651	2.775778	2.0428932	2.710666	4.4263144
RALGPS2	1.4763896	0.07195079	0.07543084	0.08200188	0.3084485
NCF2	0.2173241	2.9185667	0.11781366	5.0537305	3.3719163
RGS1	0.5442814	0.56546366	0.9409888	0.23635304	3.488985
NUCKS1	1.7098681	1.7014282	1.8463953	0.8341087	3.434269
RASSF5	0.9640503	2.3321755	1.6329714	0.6346253	1.3791462
FAIM3	3.5172048	1.0110532	1.7610723	0.20927133	1.238515
G0S2	0.028260246	1.2792882	0.11740772	2.2156734	0.4063249
TRAF5	0.8771398	0.19688687	0.37099564	0.08206814	0.3282158
ATF3	0.056315534	0.61263037	0.11527329	1.2386291	0.55297154
CNIH4	0.19511905	1.2512288	0.48306355	0.685921	0.6076538
TOMM20	1.734017	1.9270637	2.409916	1.9098624	4.4005017
AC092580.4	0.013957804	0.17848882	0.4721709	0.009950687	0.07896535
ID2	0.27854225	6.2439203	2.6284578	4.7758145	4.5957522
PTRHD1	0.9632456	1.3070328	0.88570786	1.6456298	3.3678122
HADHA	1.2605493	1.920679	1.4301745	1.9711113	3.4773536
OST4	4.010903	5.0725813	5.3316073	4.650174	6.8559737
YPEL5	2.3139582	2.8476064	2.419417	2.2728295	4.4884443
RASGRP3	0.7781331	0.037936643	0.060092237	0.037130047	0.08194291
SRSF7	3.5560973	4.0682774	4.5242643	2.6963422	6.505036
COX7A2L	2.6416748	3.9976835	3.5308294	4.366926	5.9605427
RTN4	0.8693868	3.448251	1.5542855	2.7965546	4.984651
RPS27A	12.47717	11.209447	12.625722	9.939353	11.385868
CAPG	1.9550292	1.8882748	0.7326787	4.638328	6.399023
GNLY	0.3491349	5.968745	1.061017	0.47334945	1.1900467
CD8A	0.015317733	0.33401164	1.6231563	0.1087803	0.41889092
CD8B	0.0539013	0.15685554	1.9489173	0.1529089	0.48674616
MAL	0.026310088	0.18177323	2.0010805	0.00837175	0.31290925
RPL31	11.606485	10.353235	11.860093	10.015801	11.371297
RNF149	0.23360395	2.731545	0.83138216	1.2086474	1.2060063
MZT2B	2.4092245	2.8906546	3.5895524	2.0539393	5.4691973
NR4A2	1.162368	2.0438132	1.4331423	2.047352	3.9834661
SSB	1.3006933	2.0204005	2.0713775	1.1545321	3.5148134
OLA1	0.8142054	1.1399641	1.0918552	1.1229616	2.94944
ATP5G3	2.1950994	5.3361177	3.2807438	4.244718	7.022331
HSPD1	0.9138515	1.273046	1.4955428	0.85279685	3.0036504
SPATS2L	0.08152507	0.3321152	0.2588848	0.26498166	1.6570227
NBEAL1	4.3296876	3.7858398	4.5772557	4.0893064	6.291858
AC079767.4	0.92365384	0.0	0.012058694	0.0	0.16416523
TUBA4A	1.3320088	1.7102314	2.4576101	1.1631434	1.3584808
ITM2C	1.6851263	0.05167827	0.5812244	0.11658615	3.415585
ARL4C	0.51086974	1.752779	2.0363631	0.49186698	3.802199
BRK1	3.964197	6.3295903	3.8410976	6.2756624	7.7348614
WNT7A	0.014833592	0.010627208	0.16605525	0.0	0.0
OXNAD1	0.12657727	0.2722196	1.3437647	0.21699005	0.45684507
CMC1	0.3628386	1.4790998	0.71399856	0.65164495	0.5580053
CX3CR1	0.07188425	2.220764	0.24785787	0.53484046	0.5551213
RPL14	11.763539	11.193504	12.159734	11.085231	11.814269
TMA7	3.993456	5.6908507	5.758845	5.1593285	7.253627
IMPDH2	1.5834577	1.0843681	1.4033698	0.73406976	3.3149161
GPX1	2.9042315	3.6756353	1.9976536	9.625109	8.253132
STAB1	0.0	0.12555769	0.006181011	0.46087465	0.0
SPCS1	2.5783544	3.306887	3.6019647	2.3937085	5.3082533
TKT	1.3851038	5.120825	1.5231552	7.46009	4.731328
CACNA2D3	0.027139744	0.036741536	0.0	0.6454137	2.4175992
RP11.861A13.4	0.42095006	0.10850156	0.11169807	0.027682118	0.07842647
TRAT1	0.06937713	0.260832	2.16447	0.08861364	0.6536381
CD96	0.30218133	0.5532515	1.014725	0.112672985	0.30741104
CD200	0.96099955	0.010600242	0.018626226	0.016836837	0.08403443
EAF2	3.2256546	1.0332992	0.21950096	0.5830962	1.8842857
CNBP	5.343335	5.7917957	6.217711	5.732433	7.354816
H1FX	0.77132154	1.060422	1.0634111	1.2981956	2.9394577
ATP1B3	0.76463974	3.0146368	1.0806653	1.4042076	1.7062137
CHST2	0.09271688	1.6758437	0.036032036	0.10920022	0.3417645
EIF2A	1.0424056	1.4248352	1.4339343	1.3560549	2.8196197
GPR171	0.0	0.09843216	0.8080452	0.01777053	0.0716178
SSR3	0.6902213	2.1040447	1.2442528	2.0726273	3.868822
CCNL1	1.6815152	2.0770845	2.245714	2.1439078	3.7368941
TNFSF10	0.7031152	3.5706437	1.1072721	2.726912	2.0800574
AP2M1	1.6944846	3.3450942	2.1321855	2.5403585	4.943109
TRA2B	2.1398606	2.4021473	2.3055444	1.8301075	4.426737
RTP4	0.19381586	0.8794294	0.32549262	0.31580436	0.22047137
NCBP2.AS2	0.91496754	1.0930429	0.95694155	0.70804054	2.5636299
SPON2	0.086291485	3.108152	0.4047533	0.10859646	0.3432651
BST1	0.027726345	0.506275	0.035448343	2.6703079	0.6443326
FGFBP2	0.05761567	4.131504	0.88699967	0.15116782	0.4853536
LAP3	0.57807076	2.155868	0.728605	2.0612848	3.6526232
RBPJ	0.3266887	0.68731165	0.6341868	0.769542	2.3861306
OCIAD1	1.339943	1.6252602	1.6739441	1.0915034	3.1967645
SRP72	1.5005945	1.760557	1.2025759	1.4482117	3.3097198
HOPX	0.600106	2.9820142	1.3100445	0.10994118	1.0153533
GRSF1	0.46364564	1.2291769	0.9101227	0.92533994	2.599105
IL8	0.057402704	0.6067896	0.0973982	3.0934927	0.58841497
CXCL2	0.0	0.1851255	0.024269957	0.51145256	0.15537415
HNRNPD	0.6363682	0.87140447	0.59410405	0.59876645	2.2011065
HPSE	0.01324718	0.13307148	0.04166854	0.5622705	0.0
ARHGAP24	1.3936667	0.16666874	0.025152972	0.33517215	0.48739088
PYURF	1.5993866	2.447946	2.43335	2.02881	4.329494
BANK1	4.5774093	0.20952237	0.09086659	0.09908474	1.7459188
PPA2	0.4513	0.7922728	0.78993464	0.5071087	2.1591582
LEF1	0.15192515	0.28319278	1.939475	0.17487204	0.7055876
OSTC	0.85470927	1.9268905	1.5590653	1.1550497	3.4745948
SNHG8	2.1064246	1.2595744	2.4465578	1.1189113	4.2735186
RP11.362F19.1	0.014762143	0.84428054	0.015250771	0.33966786	0.0
INPP4B	0.14018223	0.12870957	0.5146725	0.13821577	0.07842647
TLR2	0.0130028315	0.35555476	0.03924901	0.71380925	0.3047865
FAM134B	0.085234836	0.103162296	0.5593289	0.18183573	0.0856241
IL7R	0.5005622	0.82271844	5.876999	0.40774822	2.1687467
GZMK	0.055220954	0.5474296	1.7179475	0.10122679	0.3363777
GZMA	0.096008465	4.4154067	2.205671	0.17621729	0.6078229
BTF3	8.642711	8.8472595	9.255406	9.170318	10.176468
HEXB	0.39551106	0.9785413	0.6116048	1.5619023	3.0008051
RPS23	12.397888	10.757381	11.93817	10.500802	12.002844
VCAN	0.08588694	0.54824436	0.10477855	3.8188775	1.3546138
COX7C	5.719911	6.546013	6.8868318	6.081775	8.1234455
GLRX	1.2047484	5.320482	2.6694453	6.531221	5.155136
HINT1	5.678199	4.2911115	6.7895093	3.9502554	8.61177
C5orf56	0.60473984	1.7177825	0.906758	0.5379089	0.7959954
VDAC1	1.2134023	2.8832579	1.4595804	2.1346858	5.0131016
TCF7	0.34584928	0.57044744	2.731092	0.43473524	1.1530766
SAR1B	0.21389031	0.65790904	0.32106635	0.2912797	0.3176503
H2AFY	1.4905002	4.2234344	1.7052178	4.9563375	6.9358497
HNRNPA0	3.8737304	3.934326	4.0589733	3.1892426	6.0697107
CD14	0.05520755	1.2008036	0.13242243	7.0916386	1.1868355
CD74	13.833319	9.601384	5.3486896	10.933548	13.375711
RPS14	12.546687	11.914663	12.957772	12.336503	12.627
NHP2	1.8687006	2.0039382	2.030271	1.7411536	4.3377204
SCGB3A1	0.028022101	0.3059545	0.627386	0.03534104	0.23443884
TMEM14C	1.0716504	1.170342	1.0961057	1.4849426	4.507173
TMEM14B	1.6147556	2.0175235	2.196928	1.9246193	4.038115
ADTRP	0.014079635	0.03320324	0.47302064	0.028217807	0.07716265
GFOD1	0.111532226	0.5340901	0.030146478	0.08192389	0.0
RP1.313I6.12	1.1910632	0.16534376	0.7165663	0.14443363	0.69995826
HLA.E	8.2512455	9.994183	9.02643	7.246828	8.64487
FLOT1	0.40616718	0.9502793	0.8803209	0.95139056	2.4173825
HLA.C	10.588828	11.961898	11.370155	10.256234	11.142012
HLA.B	9.473309	11.019893	9.928789	9.675093	10.710886
LTB	10.644951	3.5486922	9.1235695	1.3382273	5.8085685
LST1	0.7656138	7.1321516	0.8993153	10.375023	6.7597313
NCR3	0.908578	1.5006598	0.7693306	0.04283798	0.7939204
AIF1	0.36136866	7.124097	1.3610708	10.630974	7.2797084
LSM2	1.7549233	1.6952709	1.3830614	1.5512763	3.3392048
C6orf48	5.0947514	3.5060127	5.2172904	3.9161732	6.8661685
HLA.DRB5	8.654018	4.8072	0.6454149	5.644948	9.967339
HLA.DRB1	10.906487	6.269193	1.27973	8.15659	11.499982
HLA.DQA2	3.5307848	0.89316	0.08282558	0.54770935	5.6283345
HLA.DOB	2.822657	0.070977546	0.036071014	0.008370559	1.1159068
HLA.DMB	5.278667	1.4510187	0.21050571	2.7140784	7.092745
HLA.DMA	6.884046	2.7378068	0.50005203	4.8103333	8.320916
BRD2	1.1434416	1.3722923	0.9761436	1.0912491	2.9252796
HMGA1	0.9163197	0.6252081	1.032646	0.7049194	3.496046
STK38	0.19398206	1.033996	0.5626584	0.4760728	0.37578875
SRSF3	2.6311512	5.0589385	4.063584	4.082071	7.033051
PI16	0.042306703	0.011167228	0.22903973	0.0	0.0
PIM1	0.27062437	1.2641789	2.092494	0.42616987	0.71429414
TREM1	0.05570537	0.257027	0.029555254	1.5900548	0.6144447
HSP90AB1	4.323269	4.0378585	4.2044344	2.9371765	6.0614
PLA2G7	0.0	0.05652654	0.003140494	0.67189497	0.07964478
HMGN3	1.4526725	2.658241	1.6701324	2.480046	4.8599367
NT5E	0.42456377	0.024488965	0.093796454	0.017144607	0.08326541
SNX3	5.7289667	5.35459	2.677696	4.9330783	7.636362
CD164	2.3220057	3.2383008	2.7267973	1.8000486	5.1290636
SMPDL3A	0.013346315	0.5085204	0.0063781366	0.16746762	0.0
RPS12	12.799533	11.754264	13.1538515	11.705808	12.619828
BCLAF1	0.8292253	0.8154448	0.8572566	0.6418071	2.2374828
LTV1	0.36309975	0.44272754	0.45374236	0.20111006	1.5909842
DYNLT1	0.4353672	2.6487675	0.95238614	3.4802175	2.3413699
RNASET2	4.848864	5.719205	3.7256773	5.021827	8.266081
CCR6	0.6316507	0.056539778	0.30463502	0.01857787	0.23681003
HNRNPA2B1	5.597016	6.695413	5.6106358	3.634401	8.177856
PSMA2.1	1.6567181	2.9038377	1.9870551	1.9448614	4.8916826
BLVRA	0.16274907	3.4419706	0.6587502	4.210951	2.5044587
PPIA	5.543722	7.4586153	6.115501	5.61708	8.754661
MYO1G	0.88907003	3.3804502	1.4197204	1.9071085	1.7347708
CCM2	0.9357703	1.645158	1.087474	0.8147323	0.88973624
CCT6A	1.1110053	1.6282742	1.449028	0.96538943	3.3173478
ZNF92	0.69817007	0.18940194	0.25762573	0.03557089	0.23394345
WBSCR22	1.3489386	1.7959427	1.531074	0.8975367	3.2230325
BRI3	0.32001016	3.9477522	0.32353985	4.9999056	2.4209206
CUX1	0.1990163	1.6960293	0.16327132	0.7022634	0.51875895
PMPCB	1.0816348	1.5088286	1.3224053	0.84471047	3.1105905
FAM3C	0.90482134	0.40284654	0.24935299	0.13425761	0.30435196
ARF5	1.2527313	2.7319314	1.4760729	2.9256866	4.9398856
AKR1B1	1.0414062	1.3092564	1.3357815	0.8115616	2.955121
ATP6V0E2	0.32423502	0.49051756	1.0476174	0.19201571	0.38058928
REPIN1	0.4922572	0.37036508	0.39985824	0.484251	1.8755032
GIMAP7	0.16185725	5.677321	6.3407564	2.9788616	3.5422564
GIMAP5	0.13940115	1.5834007	3.264541	0.73397785	0.95058036
TMEM176B	0.0724386	1.2055589	0.015055184	2.5177257	0.078289784
TMEM176A	0.0	0.42118016	0.02108817	1.1254259	0.15285268
SLC25A6	7.731596	8.437983	7.7770514	8.959524	10.034232
CD99	2.1226537	4.5197444	4.673476	4.6634164	6.123567
SAT1	3.9195194	8.707215	3.6285017	10.657031	8.631239
CHST7	0.054708175	0.5116233	0.13161787	0.088050865	0.0716178
UXT	3.123268	3.0827506	3.7765174	2.9553716	5.87489
RBM3	4.6905894	7.096707	5.3586063	5.5915856	8.450044
PCSK1N	0.02800498	0.048251227	0.522409	0.00944445	0.08315956
PLP2	2.2987976	1.6355412	3.1463287	3.3227942	5.048704
SH3BGRL	3.6593437	5.5224056	2.7292745	4.657382	6.8987837
DOCK11	0.16567668	0.5290016	0.24206424	0.10047624	0.15708047
SLC25A5	3.8618689	6.1706743	3.4331675	6.1441627	7.919545
CD40LG	0.041550767	0.10122404	1.2489778	0.02598186	0.07716265
RBMX	2.5499296	2.3755789	2.6522846	1.6058087	4.5978084
IDS	1.3944176	2.0854821	2.3682456	1.9671757	4.0565305
SSR4	3.5190845	5.1193233	4.842048	5.209321	6.6251154
NAA10	1.083884	1.7323227	1.4013677	1.3830553	3.2663977
G6PD	0.23425694	1.2180005	0.29871857	0.6674171	0.45291382
BLK	2.5416014	0.061639525	0.11469681	0.02709367	0.4217833
FDFT1	1.1848269	1.2156653	0.7681883	0.727583	3.198824
EPHX2	0.013048301	0.04821819	0.6172727	0.018165732	0.15800406
PNOC	1.6055144	0.109134436	0.03387412	0.09744524	0.32253623
NRG1	0.026983574	0.13895495	0.008789225	1.4671422	0.23751499
ZNF703	0.08505537	0.99194497	0.027028179	0.38916275	0.25241253
PPAPDC1B	2.9865959	0.26541588	0.34576786	0.24126095	1.381794
RP11.589C21.6	0.12584013	0.05949073	0.31722352	0.0	0.07842647
FNTA	0.97957885	1.3602877	1.363104	0.82197374	2.757993
HGSNAT	0.45183742	0.37269157	0.34869057	0.35031545	1.8323189
CEBPD	0.06850532	3.796399	0.35170054	7.0544496	4.669104
TPD52	2.1491487	0.43016	0.5647608	0.071263425	0.9636844
MTDH	2.2154493	2.7220545	2.1459515	2.6719956	4.5838156
PABPC1	8.256847	8.107013	8.37823	8.334767	10.373155
EIF3E	3.1282852	2.7829792	3.9474633	3.2054093	6.363031
EIF3H	5.057803	5.5360527	6.0326347	5.7457566	7.535237
MTSS1	0.58182997	1.887615	0.2912329	0.49630392	0.4724926
LINC00861	0.0567918	0.39423224	1.1604226	0.07122954	0.2334804
MYC	1.1538101	0.3125799	1.7482746	0.30516532	1.0183681
FAM49B	2.2284038	4.005227	2.1573913	2.4610453	6.3739586
PTP4A3	0.012577745	1.1006541	0.2377197	0.18414414	0.23582941
LY6E	4.4923625	9.081772	5.2189293	8.009508	7.8725004
PLIN2	0.29372948	1.5051144	0.75343984	0.79583985	0.7054574
RPS6	13.371448	12.313964	13.482105	12.302386	13.057508
AQP3	0.028154545	0.15730219	2.157844	0.046888985	0.32926983
CD72	2.697833	0.1880973	0.060193967	0.044764496	0.99800473
PAX5	0.75250506	0.0	0.009833728	0.036021143	0.15937974
HNRNPK	4.344503	4.567155	4.2806897	2.746886	6.6807575
CTSL	0.0129388925	2.0983164	0.1268541	0.39537263	0.30260667
ANP32B	2.2622216	3.9030282	3.7066917	3.5483522	5.6423154
SEC61B	1.9983233	3.3905718	2.6244006	3.287459	5.1911144
NIPSNAP3A	0.14952967	0.8932645	0.21348971	0.6743634	2.323347
TXN	0.42728323	1.825249	1.7292168	2.1740804	3.7108164
RGS3	0.06999335	0.64466965	0.18574859	0.1573117	0.080867164
MEGF9	0.06951666	0.22323702	0.08752103	0.5865216	0.15739739
PHF19	0.0402723	1.1993672	0.23600256	0.32350746	0.4559811
GSN	0.20664248	0.7505155	0.044923738	0.7911404	4.225565
PSMB7	1.9620259	3.1445084	2.1429884	2.922911	4.8339896
SET	1.2933745	1.4573509	0.9235708	1.2749532	2.9806356
NUP214	0.1913983	2.0936913	0.24754025	4.923252	2.0661917
SLC2A6	0.40092233	1.1783276	0.047832787	0.4806229	0.46697265
FCN1	0.35526773	5.0099993	0.45315516	10.805756	3.9544702
EDF1	4.703201	6.499799	5.7309623	5.781324	8.442749
NPDC1	0.0	0.03428232	0.37379092	0.027450284	0.0
MRPL41	0.6744283	1.4795023	1.2218895	1.5106649	3.1356876
AKR1C3	0.027826825	1.9214145	0.16744545	0.038726278	0.3830344
GDI2	2.600363	3.5892215	1.9255327	2.5495121	6.309244
PRKCQ.AS1	0.028308298	0.5403908	1.9698851	0.11887844	0.5543846
ATP5C1	2.0036087	3.938781	2.3245907	3.32783	5.4984307
GATA3	0.04173693	0.46041092	0.9435041	0.07986666	0.4085182
OPTN	0.6112442	0.93653214	1.7091812	0.13600752	0.6158046
NMT2	0.11235843	0.19952406	0.5655065	0.026381357	0.15800406
CCNY	0.083640985	0.2588378	0.08783117	0.61296993	0.0772256
UBE2D1	0.42180157	1.3529726	0.59317267	2.1031125	1.3421123
TFAM	0.192271	0.28823334	0.29931143	0.26934233	1.5771214
JMJD1C	0.7151609	0.6167789	0.6215763	0.7444039	2.0920086
PPA1	1.7519685	1.6442251	3.2017345	2.0900187	5.92213
PRF1	0.12739247	4.533245	1.4152427	0.24779494	0.8139682
PSAP	2.1886415	7.594684	2.0322304	9.451775	6.9056473
SPOCK2	0.54274404	0.7723657	2.4786189	0.12875076	1.0355836
DDIT4	0.8755217	1.8087975	2.033862	0.900028	3.745955
ANXA7	1.2495407	1.7678127	1.8297565	1.3057995	3.3138878
RPS24	10.420549	10.504436	10.428022	10.690078	11.279775
TSPAN14	0.16735019	1.7239323	0.7726855	0.864204	0.71483696
GHITM	2.1062367	4.013407	2.981816	2.5782137	5.864927
IFIT3	0.5296203	1.915113	0.4353113	1.1179724	0.74205333
PDLIM1	3.3722358	0.35749432	0.13041225	0.13956885	1.7062643
TCTN3	0.31067976	0.2512556	0.34211624	0.16651314	1.6004982
NDUFB8.1	2.2286835	4.022339	3.3945243	3.424286	5.662781
NPM3	0.19436882	0.35562557	0.58634645	0.26522315	1.7848524
TCF7L2	0.014429792	1.2641449	0.033504657	0.28344467	0.0815096
PRDX3	0.41355193	1.3969928	0.75928485	1.3965311	2.980648
RGS10	0.54569465	3.427355	4.049376	3.9543407	5.829803
IFITM2	4.5627117	10.216424	6.1587973	6.2806654	8.151406
RNH1	1.4994212	4.0095596	1.9774112	3.8801527	5.723965
TALDO1	1.5486608	4.3828993	2.0229495	7.2603273	5.4846935
CDKN1C	0.013730557	2.0489693	0.012106065	0.12976363	0.07095695
EIF3F	5.4798408	5.596119	5.8618283	5.4677672	7.828494
RPL27A	12.328908	11.471802	12.478469	11.331046	12.145769
SWAP70	1.9424936	0.45823628	0.04991182	0.28183502	0.64536136
RRAS2	0.9267691	0.27456078	0.2311409	0.043914564	0.15477736
C11orf58	3.0051138	3.524503	3.399623	2.1391754	5.1158066
CAT	1.5119107	1.9543595	0.64073026	1.4396676	5.211233
PRR5L	0.027524475	0.3872045	0.10273241	0.027630264	0.072391585
PTPMT1	0.72331744	1.1697171	0.8059848	1.0169545	2.5050335
C11orf31	3.8324997	4.513253	3.0636885	4.8379927	6.6465726
MS4A6A	0.12612024	1.3602817	0.13740256	6.8734736	4.003546
MS4A4A	0.0143077215	1.4433877	0.008942402	0.2356959	0.3077838
MS4A7	0.23693953	4.3994074	0.08816894	2.1621037	0.93870836
MS4A1	7.7806993	0.30524072	0.25598574	0.14517404	2.2359931
TMEM109	0.82325375	1.2932242	1.1013726	0.44513324	3.0270298
CD6	0.09750379	0.25544673	1.3427655	0.04568745	0.3234963
FTH1	11.266905	12.929941	10.631226	14.285579	12.513432
UBXN1	4.210741	5.0162888	4.155183	4.63232	6.9650226
COX8A	1.6282594	5.0996947	2.731483	4.8910713	6.912094
DNAJC4	1.0663551	1.2150567	0.622439	1.3517535	2.928297
PPP1R14B	0.15371929	0.12606731	0.11051582	0.11388071	1.2849092
TRMT112	3.2505848	3.403869	3.3957362	2.8798544	5.6935296
NEAT1	2.334517	8.199289	4.019437	9.264421	6.254309
MALAT1	14.937381	14.484082	15.225105	13.648908	13.8983965
AP5B1	0.013761067	0.22274129	0.045116883	0.54096097	0.14585446
CTSW	0.20663746	4.7749767	3.3200383	0.3579302	2.4087288
CATSPER1	0.014147628	0.3641423	0.005851609	0.8701424	0.23539367
NDUFV1	0.78106284	1.1870289	0.96388197	1.0828656	2.6026614
NDUFS8	0.9655915	2.4060402	1.7151964	2.3251064	4.216097
RP11.660L16.2	0.3491366	0.29976448	0.7283213	0.11690692	0.2302058
FOLR3	0.014438182	0.18704377	0.024663316	3.111759	0.24537468
PLEKHB1	0.08334727	0.091970764	0.5204574	0.018025028	0.07228889
RPS3	12.866491	12.034547	13.250268	11.96291	12.756634
PAK1	0.14009032	1.2077862	0.12146973	1.198076	2.6389108
CLNS1A	1.857043	2.1311362	1.8015598	2.1137717	4.155049
PRSS23	0.013578492	1.1786977	0.16049337	0.045967877	0.0
SMCO4	0.112831526	2.4113028	0.19624041	3.098076	1.4668025
BIRC3	2.4532323	0.5289494	1.1702428	0.2179026	1.1546346
FXYD6	0.028693516	0.10683805	0.0089734625	0.43758422	0.0
AMICA1	0.053215794	2.3660133	1.6430827	4.401969	6.310298
CD3E	0.23690444	1.5923818	7.0607495	0.27764073	2.1220603
CD3D	0.3360299	0.8111798	8.347534	0.45543748	1.9496639
CD3G	0.10938705	0.2301575	3.460656	0.1905845	0.6392632
ATP5L	5.014437	7.2272735	6.5606246	7.8088512	8.790811
CXCR5	0.6127427	0.024297051	0.07218108	0.009604561	0.0
RPS25	11.566726	10.020618	11.781039	10.045737	11.16677
ETS1	0.33692208	0.48718464	1.0352405	0.026544398	0.32516128
APLP2	1.1692047	2.2738228	0.40218484	4.216738	2.5659246
RP11.664D1.1	0.0142453285	0.043174896	0.70057386	0.008481395	0.15674025
CD9	0.2512057	0.14119744	0.07802812	0.56982356	0.1561264
CD27	1.0252197	0.2915087	3.4563468	0.1631833	1.0829619
MLF2	1.0002755	1.4066164	0.942547	1.1203125	3.299739
PTMS	0.012448808	0.09224178	0.18539602	0.21589282	1.6790473
LAG3	0.0	0.037992787	0.4615849	0.017946249	0.0
PHB2	1.444992	1.9124867	1.4166247	1.2657689	3.5032063
CLEC4D	0.0	0.023641929	0.0029420778	0.51673967	0.079581305
CLEC4E	0.015074529	0.07832412	0.0	1.7295116	0.0
CLEC2D	0.510314	0.109369695	0.90241885	0.10912881	0.2448561
KLRF1	0.029826028	0.97616965	0.048916284	0.042919118	0.0
CLEC7A	0.04320068	1.2372841	0.054044228	1.8300903	0.63940173
KLRD1	0.028879048	2.048271	0.4550476	0.07372619	0.07644624
RP11.291B21.2	0.028226832	0.061987225	0.43428427	0.009407367	0.0
RP11.428G5.5	0.6815593	0.05020556	0.008988558	0.018196158	0.16266656
PCED1B	0.16726923	0.25479418	0.5924775	0.05635298	0.2317153
CCDC65	0.026948875	0.16696663	0.42113486	0.008927435	0.07842647
TUBA1B	2.8193426	5.6186237	3.3238003	2.8569834	7.4188476
BIN2	1.484598	5.101392	3.3470852	2.3750947	3.380879
KRT1	0.0	0.023277778	0.23118372	0.009001384	0.0
EIF4B	1.7374343	1.4901044	2.3808923	1.1532419	4.083422
PFDN5	9.187853	9.523921	9.255204	10.585538	10.059621
PCBP2	3.875574	4.2194266	3.7789557	4.4085073	6.5890255
HNRNPA1	9.310335	9.582935	9.811233	8.567053	10.482231
CNPY2	1.3517237	1.7416149	1.7399518	1.3798817	3.2250109
NACA	10.761586	10.93738	10.951464	10.394902	11.324873
LRP1	0.044470165	0.52821153	0.042188894	0.92597455	0.15457611
RP11.81H14.2	0.0	0.7520568	0.1271435	0.047241043	0.0
RAP1B	1.4848486	5.186153	2.7088218	1.8268034	3.494323
LYZ	2.2276554	7.8129253	2.698124	14.136918	9.61326
GLIPR1	1.1388584	2.6734354	1.0586857	3.0124738	4.8959794
SLC25A3	2.9609447	6.2229624	4.3009186	4.831362	7.5116625
C12orf45	0.31653035	0.24933288	0.33015412	0.30464604	1.5375777
CKAP4	0.0925393	0.43516555	0.13405462	0.88629156	0.07607209
HVCN1	4.2617593	0.92553	0.144068	0.99475616	1.0900055
ERP29	5.313405	4.417276	4.801124	5.3643703	7.897996
TESC	0.0784123	2.4772727	0.16481347	1.2336853	0.7693324
PEBP1	2.637825	1.8037909	4.1841636	1.6271509	5.6130943
RPLP0	10.841277	8.807482	10.99866	8.603727	11.334788
SRSF9	1.8576626	3.4777894	2.103182	3.3242195	5.338988
ACADS	0.056355882	0.5245614	0.21910107	0.21032591	0.14663038
GTF3A	4.1999493	4.5842094	4.595364	2.8398123	6.4887896
HMGB1	5.6417212	5.7954683	5.9838634	4.777522	8.17535
DNAJC15	1.2502935	1.596931	1.0215027	1.2886504	3.2250216
TPT1	11.503294	11.089296	12.093878	10.790684	11.716448
KIAA0226L	1.0735306	0.057048224	0.0212184	0.055742618	0.31122285
EBPL	0.59361035	0.55774873	0.8541474	0.7019662	2.5068839
TBC1D4	0.028764613	0.0	0.43431547	0.09765297	0.07056972
GPR183	0.8478121	0.26366973	1.295781	0.2928041	2.834798
LAMP1	1.3243963	2.4488328	1.7664418	1.2227284	1.2746959
APEX1	2.0034447	1.8005623	1.9329568	1.9624987	5.204171
NDRG2	0.05567763	0.048338678	0.14756876	0.036880683	1.9321222
OXA1L	1.4944046	1.6675507	1.4313895	2.0320804	3.4914238
CHMP4A	2.6098087	3.2725832	2.4787412	2.5231557	4.7755504
GZMH	0.06945171	2.6829486	1.2417457	0.16147612	0.24751855
GZMB	0.1546894	4.829625	0.9912966	0.22098312	1.8465605
PNN	1.3485636	1.3781215	1.132057	0.6486283	2.8490763
PYGL	0.0	0.4969717	0.0025769386	0.92270666	0.40987316
TMX1	0.54398406	1.1641148	0.7598009	0.7445029	2.5903547
GNG2	0.40684205	2.4500687	0.85143214	0.5635134	1.0138524
C14orf166	1.8103377	2.8097188	2.7842433	2.5956678	4.5908647
PTGDR	0.0	1.0965911	0.27238667	0.034956276	0.0
LGALS3	0.21055484	4.2117696	0.81835186	7.4363685	4.4962573
NPC2	2.5095425	6.4055886	1.6011462	8.763308	6.790111
GPR65	0.19539954	0.6842594	0.31995195	0.31347275	0.29747984
FBLN5	0.027857872	0.104623385	0.7516703	0.025970576	0.24170299
LGMN	0.055698387	0.060053088	0.088549666	0.10121702	1.4174877
TCL1A	6.3671484	0.19786085	0.072510526	0.12013969	1.9616784
RP11.164H13.1	0.8839161	0.035797942	0.012513983	0.0	0.15755759
BCL11B	0.05573928	0.23785008	0.9849049	0.0624639	0.24562837
YY1	0.6563714	0.99366724	0.73055935	0.9964741	2.3659415
WARS	0.20669769	3.0649493	0.27668998	1.9857801	1.163401
PPP2R5C	0.8939565	1.5870177	2.713458	0.6883719	1.5245755
TNFAIP2	0.01399309	0.9463226	0.018055623	1.94862	0.5432871
EIF5	1.9208199	3.0875232	2.160731	2.613792	5.1332784
CKB	0.0	1.2808456	0.012848447	0.05641854	0.14815989
PLD4	1.1671737	0.6454382	0.014216356	0.21644	3.6835847
AL928768.3	0.6868635	0.0	0.043661453	0.009643222	0.078040354
APBA2	0.0	0.27031606	0.6346204	0.017723512	0.17148152
SRP14	6.6621227	8.132046	7.147337	7.3286877	9.196772
B2M	13.70489	14.554405	14.341984	13.666577	13.571518
EID1	2.9451663	3.9323597	3.7140708	3.9532363	6.0291123
CCPG1	0.18262225	0.8906641	0.30947876	0.48020044	0.46555188
LINC00926	4.4599805	0.11415736	0.048634674	0.08910942	1.183701
RORA	0.06797516	0.76697505	1.2393275	0.16497724	0.4968256
SNX22	0.8178305	0.04955632	0.058781125	0.04621908	0.22713603
RPL4	10.839133	9.796983	10.865566	9.556882	11.280612
COX5A	1.9072816	4.4244294	2.4979503	3.8608038	6.510977
IMP3	1.5106573	1.9232645	1.8959498	1.4060131	3.4168031
MORF4L1	2.635627	3.8642302	3.4959638	2.691666	5.706705
BCL2A1	0.26004934	0.848446	0.15239888	0.4267589	0.3151787
ISG20	6.001121	3.261904	4.5387063	0.95507604	2.717054
SEMA4B	0.48012635	0.09368727	0.054812633	0.056144785	0.0
MPG	1.1890919	1.269812	0.91684276	1.2606623	2.9278448
TMEM204	0.1407005	0.3528365	1.1634218	0.061369378	0.15071489
MSRB1	0.16057414	1.2919468	0.22328079	2.6911457	1.3783337
RNPS1	1.8379514	2.3623512	1.8952295	1.4503646	4.004591
IL32	0.29343405	2.9128919	8.820319	0.5910635	2.437037
RSL1D1	2.5323713	2.4259694	2.8156488	2.0258439	4.970278
RPS15A	12.398787	11.364288	12.648224	11.293807	12.1316595
NSMCE1	1.2450106	1.4174016	1.6569215	1.1997043	3.3048537
TUFM	1.5091238	2.5129426	1.8463078	1.9696081	4.2846603
CD19	1.9661433	0.058351096	0.035320614	0.044221874	0.8016459
LAT	0.06905675	1.0094401	3.0205102	0.29257888	1.0861822
AKTIP	0.16611686	0.27361774	0.62767917	0.055383258	0.23466308
MT2A	0.41985744	5.47693	2.4377487	4.069732	1.9570855
HERPUD1	2.078242	2.1322305	1.2681518	2.1246815	4.0522003
GPR56	0.040134396	1.1980654	0.20702621	0.054745227	0.075195596
USB1	0.19368954	1.0996912	0.44952375	0.48263243	0.3037371
CHTF8	0.4991338	0.5890149	0.5211663	0.47454563	1.7818791
PSMD7	1.176751	2.0535345	1.615538	1.5676041	3.6235883
GABARAPL2	2.5583947	3.381773	2.8795304	3.1171286	5.116503
COTL1	3.7631972	7.5815725	4.521376	10.187098	8.603177
COX4I1	8.800701	9.176151	8.902415	9.635204	10.320892
P2RX5	2.0068073	0.09938123	0.13184112	0.035949495	0.75970936
SPNS3	0.025741387	0.10903052	0.2657851	0.12898356	1.6645762
PFN1	7.9561224	11.52902	9.885532	10.6394825	10.959973
SPAG7	1.2693299	2.5318613	1.6778456	1.8662354	4.538282
C1QBP	3.0657477	2.9640312	3.1625688	2.3613143	5.8102307
CLEC10A	0.0	0.19267385	0.0088238	0.5051912	4.1457453
ASGR1	0.08183382	0.6111789	0.02416128	3.2880266	0.9289285
CD68	0.36289665	5.223233	0.1822664	6.5264544	3.7921774
RPL26	12.327162	11.6035185	12.170634	11.771141	12.114822
NCOR1	2.3097303	2.6398606	2.3668132	1.5103914	4.3472896
ZNF207	1.0129467	1.4099278	1.196428	0.88220876	3.2341561
CCL3	0.23526375	2.3244557	0.3151497	3.8183155	1.5433487
CCL4	0.11087457	2.8811293	0.86182064	0.536345	0.47783798
CISD3	0.38744414	2.034512	0.76578814	1.220805	0.91826797
RPL23	9.061466	7.909287	8.604169	9.126569	10.212939
TBX21	0.027591854	0.93635833	0.24644986	0.03629723	0.0716178
SKAP1	0.2750084	1.0504124	1.667085	0.07616565	0.39628506
ABI3	0.24715701	4.973261	0.6640998	1.5437578	3.2393181
PHB	1.1873976	2.0219836	1.7535241	1.2110504	3.873874
NME1	0.61884254	0.7879574	0.6031599	0.4100678	2.3724136
VMP1	0.6788035	2.3817897	0.75744957	1.75503	1.5594741
CD79B	9.950181	2.9594438	0.75367904	0.5427803	2.6245987
ICAM2	1.2637287	3.2261407	2.2572656	1.1781068	1.8130283
RPL38	9.097758	7.7829394	9.464352	8.430465	10.021809
CD300A	0.10850865	3.3978372	0.5773439	1.4164695	1.7672873
CD300E	0.0	1.2736045	0.01503443	1.935033	0.8849355
MIF4GD	0.7250579	1.1909775	0.70226	1.1139383	2.84328
TRIM47	0.04029357	0.013184257	0.1493079	0.018990505	0.0
SRSF2	2.4996014	3.8057873	3.2259698	2.3912406	5.8182783
SYNGR2	1.4492791	2.0730748	0.5124465	1.5531278	3.7908165
EIF4A3	0.8157707	1.0878915	0.95610946	0.71388036	2.9491901
ACTG1	6.9052815	10.024982	8.656393	8.723319	10.981716
DCXR	0.965688	1.7799705	1.3392398	1.065265	3.2820873
CD7	0.15511763	3.791307	4.5737357	0.36723694	1.836645
NDUFV2	1.7030339	3.0697136	2.3859432	2.350186	4.8101974
SNRPD1	1.4344449	2.0626996	1.76161	1.7135805	4.022231
ATP5A1	2.6690018	4.291556	3.5616727	2.8925457	6.0357985
MBD2	0.038690798	0.71893245	0.076392986	0.3311108	0.29136822
TXNL1	1.3364894	1.6908123	1.2904063	1.2171017	3.5531816
CDC25B	0.4739219	0.53411007	1.1733526	0.20609245	0.15931943
LINC00493	1.097752	1.5028181	1.5679635	1.7240748	3.2786567
CST3	0.57737553	7.7744427	0.8260283	12.15242	9.548293
CST7	0.12590355	4.493777	2.294964	0.24426652	1.8011633
APMAP	0.27723518	2.6065762	1.0618668	0.38960934	1.0687447
ERGIC3	1.5706706	2.4592943	1.8667803	2.4676006	4.290474
C20orf24	1.2603015	3.9297109	1.5647486	4.922676	3.5377026
SAMHD1	0.21888728	3.1997619	1.4050685	2.9160924	5.4266253
RPN2	1.0690274	2.1328006	1.8117329	1.442721	4.16901
PKIG	1.8616881	0.08312703	0.04835956	0.0	0.7897339
YWHAB	3.2900922	5.0550756	4.331338	4.332896	7.224641
ZFAS1	4.1542673	4.0868845	4.1800246	4.5345306	6.057079
RP11.290F20.3	0.05700228	4.0472927	0.061324764	2.5223174	0.16749072
RTFDC1	1.4364804	2.2824664	1.392458	1.756448	4.020132
GNAS	2.085575	3.3955595	2.053556	3.4633217	5.220934
RPS21	8.713232	6.8863683	8.845664	6.638163	9.782074
LINC00176	0.029205529	0.055280138	0.7432161	0.027653981	0.16214174
CFD	0.054265372	5.3078923	0.15683591	7.5351706	1.286703
CNN2	2.1136665	2.186177	2.764236	2.0566988	4.633368
ATP5D	3.2251396	5.346184	3.9790583	6.071553	7.3974624
NDUFS7	1.5636363	3.424127	1.9310718	3.5269957	5.0581055
OAZ1	9.464407	10.424445	8.216039	11.854918	10.924828
TIMM13	1.0310946	2.032224	1.1729867	2.315103	4.3158727
AES	2.4866629	3.0851927	5.433719	0.94104266	3.7075555
S1PR4	1.4867258	2.8696697	2.2066407	0.93718964	1.7766025
MATK	0.098715164	1.5147604	0.6032893	0.025893353	0.38621226
EEF2	8.615065	7.430201	8.020055	7.0470448	9.592492
C19orf10	1.0639335	3.1969345	1.6669728	2.493569	4.926906
ALKBH7	1.2177404	2.0163407	1.8268524	2.309571	4.4564433
EMR1	0.0	0.7891153	0.07551793	0.29596606	0.15940273
RETN	0.013575105	0.53114855	0.020669192	1.5693383	0.5750709
C19orf59	0.015355919	0.14069892	0.0059629856	1.0613625	0.15064107
FCER2	3.3185198	0.07049381	0.027781397	0.081672065	0.8413985
OLFM2	0.015540803	0.024741521	0.21016863	0.0	0.0
ZGLP1	0.027986448	0.1302184	0.0060846033	0.46495438	0.07964478
FDX1L	0.18330336	0.28073102	0.23289299	0.10813739	1.3768222
CDC37	1.1086614	2.2846687	1.7414429	1.5557907	4.0043426
S1PR5	0.027365088	1.3747727	0.36000735	0.02628565	0.24047875
DNASE2	0.3621009	1.301351	0.50451773	0.6079876	0.4719406
GADD45GIP1	1.3893025	2.4062197	2.0278544	2.0760055	4.0030794
C19orf53	2.4880278	3.6097322	3.3391564	4.0084386	5.4971495
CD97	0.31117642	3.5798805	1.192916	2.0876083	1.6936194
EMR2	0.014396561	1.2797203	0.029023277	0.5007717	0.39184213
TPM4	0.96552753	1.3698797	0.7780159	1.2694346	3.392053
RPL18A	13.1339245	11.535879	12.5810795	12.057674	12.581479
LSM4	1.5846301	2.6856644	1.9029846	2.0100045	4.461015
LRRC25	0.18126585	3.115152	0.03791745	2.3733668	2.0079875
RPSAP58	5.7023225	3.9416835	6.133514	2.3287897	8.003445
PLEKHF1	0.0	0.86915654	0.3740807	0.018086001	0.0
CTC.523E23.11	0.13979763	0.09353157	0.39370894	0.00869838	0.08315956
FXYD7	0.14146736	0.14763917	0.3683042	0.0	0.0
FXYD5	5.699401	6.8257794	7.0697374	6.323393	8.485695
CD22	1.9110522	0.117303945	0.07857845	0.04498812	0.39201167
COX6B1	3.4412184	6.418729	4.583957	6.634013	8.009018
TYROBP	0.4560128	11.0636835	0.6824442	12.171147	8.054596
SPINT2	1.710695	0.8572845	0.8567322	1.7789592	5.315258
YIF1B	0.34541866	0.79496366	0.37933642	0.851617	2.4137175
KCNK6	0.041532606	0.3211551	0.113961995	0.46680793	1.6199868
EIF3K	5.599211	7.585363	6.7606573	7.4657493	8.702522
SUPT5H	0.30524954	0.44786116	0.45605573	0.43117097	1.5631273
FBL	2.3571799	2.0203521	2.6299982	1.6532502	4.33684
TMEM91	0.027826611	0.2612537	0.15479837	0.8614746	0.24347268
RPS19	12.891558	12.45583	12.766397	11.621877	12.510524
CD79A	10.21528	0.25658682	0.27011973	0.17723607	2.5270302
PAFAH1B3	0.37176782	0.3291404	0.48802575	0.43246457	1.7320681
LYPD3	0.026274854	0.025225159	0.15664624	0.03603828	0.0
ETHE1	0.24515833	1.3104911	1.0322243	1.7272844	3.1387868
PLAUR	0.058334064	2.6613579	0.13092926	3.7063997	1.9719826
TRAPPC6A	1.1236956	1.6165705	1.8200923	1.2664715	3.462852
PPM1N	0.11024871	0.909114	0.095264986	0.08175332	0.15069164
EMP3	4.291736	8.885302	6.5079513	8.064386	7.6257453
PPP1R15A	2.623995	2.9469302	2.7021708	3.5177138	6.021641
FTL	11.362826	13.274043	10.678269	14.947403	12.322059
CD37	10.928885	7.2866764	6.2151585	7.849701	9.037238
FLT3LG	0.28455308	0.49713674	1.9430214	0.21737711	0.41546664
RPL13A	13.893239	12.581316	13.769623	12.765003	13.413275
RRAS	0.0	0.43567613	0.04215328	0.14601564	0.14436527
ETFB	1.3491083	1.7816877	1.4780087	1.938306	3.6397107
NKG7	0.35509628	6.7923427	3.1052334	1.0340197	1.8994769
SIGLEC10	0.3759457	1.8486934	0.038792986	0.40483937	0.6853411
FPR1	0.04164025	1.8072639	0.052531175	3.2372773	1.0262518
NLRP12	0.0	0.09157334	0.009125696	0.398808	0.0
OSCAR	0.012767775	0.98395497	0.02220942	1.4858521	0.62954324
LILRB2	0.0985855	2.5602512	0.060356323	1.8718055	0.7760721
LILRA3	0.026645489	1.8174229	0.04001139	0.93797874	0.21901245
LILRB1	0.49430436	1.9033915	0.06577066	0.6829666	0.77140987
KIR3DL2	0.0	0.73120254	0.073644586	0.0	0.0
TNNT1	0.0	0.091895305	0.0059456048	0.5034991	0.0
RPS5	12.3375635	10.625321	11.780986	10.284586	11.955618
TPTEP1	0.0	0.47872356	0.020047368	0.14846225	0.072391585
IGLL5	2.4196968	0.14428718	0.18589954	0.12541378	1.087044
RGL4	0.08293722	0.8438116	1.259228	0.027861286	0.54292756
VPREB3	4.7975683	0.11059271	0.018551901	0.029527858	1.3281373
DDT	1.2745998	2.1521692	1.5508882	1.8710443	4.0061827
PIK3IP1	0.9449025	0.80793005	2.805353	0.3625472	1.1530101
HMOX1	0.08355609	2.280985	0.03671626	1.1403561	0.45151094
EIF3D	3.5739806	3.2717319	3.554885	3.0322857	5.670023
IL2RB	0.070820265	1.6429055	0.44341463	0.054492112	0.23357926
LGALS2	0.109874964	2.2514734	0.1318739	9.286201	5.8019876
LGALS1	1.004283	9.092154	2.725845	11.546157	8.156109
EIF3L	4.6398783	4.3419676	4.473454	4.445432	8.17288
TOMM22	1.6120572	2.8064544	1.7967467	2.3474247	4.912657
APOBEC3G	1.3868278	3.866141	1.720609	0.81902575	2.004031
RPL3	12.97569	11.91633	13.150189	11.650514	12.781439
ATF4	1.3299508	1.9463491	1.6991565	2.091195	3.8137672
GRAP2	0.277291	0.46664047	1.125873	0.15602209	0.37331334
NHP2L1	2.7939186	3.5846212	3.0634153	2.881711	5.1097364
SMDT1	3.2675598	3.2969298	3.4452002	3.2442794	6.0828505
TSPO	1.6183263	5.8934116	3.0000513	8.48045	6.190674
PARVG	1.2347171	1.8659813	0.6898577	1.7500552	3.4922936
TTC38	0.0	1.6600362	0.25982744	0.1361277	0.15904492
TYMP	0.8376495	6.630054	0.86601967	9.148881	6.3753343
ETS2	0.0140095735	0.4559748	0.08414213	0.37481824	1.8644063
HMGN1	4.748381	3.13528	4.668206	2.403676	7.2287483
MX1	1.4240007	2.0554435	1.3265667	1.8124079	3.745494
U2AF1	3.3791633	4.3147883	3.3250551	3.6434965	6.378678
SUMO3	1.1400511	2.4815173	1.4989805	2.1322808	4.061832
ITGB2	1.4354511	7.8455105	3.0435202	5.6706724	6.296577
S100B	0.0	0.7713507	0.27012467	0.027622033	0.25158438
MT.ND1	9.877274	10.378896	9.925881	11.265939	10.685092
